<INSTANCE CLASSNAME="SMS_Application"><QUALIFIER NAME="dynamic" PROPAGATED="true" TYPE="boolean" TOSUBCLASS="false" TOINSTANCE="true"><VALUE>TRUE</VALUE></QUALIFIER><QUALIFIER NAME="SecurityVerbs" TYPE="sint32" TOSUBCLASS="false"><VALUE>-1</VALUE></QUALIFIER><PROPERTY NAME="__PATH" CLASSORIGIN="___SYSTEM" TYPE="string"><VALUE>\\SCCM-ONEDRIVE\root\sms\site_ODB:SMS_Application.CI_ID=16777675</VALUE></PROPERTY><PROPERTY NAME="__NAMESPACE" CLASSORIGIN="___SYSTEM" TYPE="string"><VALUE>root\sms\site_ODB</VALUE></PROPERTY><PROPERTY NAME="__SERVER" CLASSORIGIN="___SYSTEM" TYPE="string"><VALUE>SCCM-ONEDRIVE</VALUE></PROPERTY><PROPERTY.ARRAY NAME="__DERIVATION" CLASSORIGIN="___SYSTEM" TYPE="string"><VALUE.ARRAY><VALUE>SMS_ConfigurationItemBaseClass</VALUE><VALUE>SMS_BaseClass</VALUE></VALUE.ARRAY></PROPERTY.ARRAY><PROPERTY NAME="__PROPERTY_COUNT" CLASSORIGIN="___SYSTEM" TYPE="sint32"><VALUE>65</VALUE></PROPERTY><PROPERTY NAME="__RELPATH" CLASSORIGIN="___SYSTEM" TYPE="string"><VALUE>SMS_Application.CI_ID=16777675</VALUE></PROPERTY><PROPERTY NAME="__DYNASTY" CLASSORIGIN="___SYSTEM" TYPE="string"><VALUE>SMS_BaseClass</VALUE></PROPERTY><PROPERTY NAME="__SUPERCLASS" CLASSORIGIN="___SYSTEM" TYPE="string"><VALUE>SMS_ConfigurationItemBaseClass</VALUE></PROPERTY><PROPERTY NAME="__CLASS" CLASSORIGIN="___SYSTEM" TYPE="string"><VALUE>SMS_Application</VALUE></PROPERTY><PROPERTY NAME="__GENUS" CLASSORIGIN="___SYSTEM" TYPE="sint32"><VALUE>2</VALUE></PROPERTY><PROPERTY NAME="ApplicabilityCondition" CLASSORIGIN="SMS_ConfigurationItemBaseClass" TYPE="string"><QUALIFIER NAME="CIMTYPE" PROPAGATED="true" TYPE="string" TOINSTANCE="true"><VALUE>string</VALUE></QUALIFIER><VALUE></VALUE></PROPERTY><PROPERTY.ARRAY NAME="CategoryInstance_UniqueIDs" CLASSORIGIN="SMS_ConfigurationItemBaseClass" TYPE="string"><QUALIFIER NAME="CIMTYPE" PROPAGATED="true" TYPE="string" TOINSTANCE="true"><VALUE>string</VALUE></QUALIFIER><VALUE.ARRAY></VALUE.ARRAY></PROPERTY.ARRAY><PROPERTY NAME="CI_ID" CLASSORIGIN="SMS_ConfigurationItemBaseClass" TYPE="uint32"><QUALIFIER NAME="CIMTYPE" PROPAGATED="true" TYPE="string" TOINSTANCE="true"><VALUE>uint32</VALUE></QUALIFIER><QUALIFIER NAME="key" PROPAGATED="true" TYPE="boolean" OVERRIDABLE="false" TOINSTANCE="true"><VALUE>TRUE</VALUE></QUALIFIER><VALUE>16777675</VALUE></PROPERTY><PROPERTY NAME="CI_UniqueID" CLASSORIGIN="SMS_ConfigurationItemBaseClass" TYPE="string"><QUALIFIER NAME="CIMTYPE" PROPAGATED="true" TYPE="string" TOINSTANCE="true"><VALUE>string</VALUE></QUALIFIER><VALUE>ScopeId_8F1F1C96-101C-419F-B1CE-17A69D07C770/Application_4039e10f-2cd6-48a0-9290-9af682361c1e/2</VALUE></PROPERTY><PROPERTY NAME="CIType_ID" CLASSORIGIN="SMS_ConfigurationItemBaseClass" TYPE="uint32"><QUALIFIER NAME="CIMTYPE" PROPAGATED="true" TYPE="string" TOINSTANCE="true"><VALUE>uint32</VALUE></QUALIFIER><VALUE>10</VALUE></PROPERTY><PROPERTY NAME="CIVersion" CLASSORIGIN="SMS_ConfigurationItemBaseClass" TYPE="uint32"><QUALIFIER NAME="CIMTYPE" PROPAGATED="true" TYPE="string" TOINSTANCE="true"><VALUE>uint32</VALUE></QUALIFIER><VALUE>2</VALUE></PROPERTY><PROPERTY NAME="CreatedBy" CLASSORIGIN="SMS_ConfigurationItemBaseClass" TYPE="string"><QUALIFIER NAME="CIMTYPE" PROPAGATED="true" TYPE="string" TOINSTANCE="true"><VALUE>string</VALUE></QUALIFIER><VALUE>OD\administrator</VALUE></PROPERTY><PROPERTY NAME="DateCreated" CLASSORIGIN="SMS_ConfigurationItemBaseClass" TYPE="datetime"><QUALIFIER NAME="CIMTYPE" PROPAGATED="true" TYPE="string" TOINSTANCE="true"><VALUE>datetime</VALUE></QUALIFIER><VALUE>20160804213747.000000+000</VALUE></PROPERTY><PROPERTY NAME="DateLastModified" CLASSORIGIN="SMS_ConfigurationItemBaseClass" TYPE="datetime"><QUALIFIER NAME="CIMTYPE" PROPAGATED="true" TYPE="string" TOINSTANCE="true"><VALUE>datetime</VALUE></QUALIFIER><VALUE>20190308004853.000000+000</VALUE></PROPERTY><PROPERTY NAME="EffectiveDate" CLASSORIGIN="SMS_ConfigurationItemBaseClass" TYPE="datetime"><QUALIFIER NAME="CIMTYPE" PROPAGATED="true" TYPE="string" TOINSTANCE="true"><VALUE>datetime</VALUE></QUALIFIER></PROPERTY><PROPERTY NAME="EULAAccepted" CLASSORIGIN="SMS_ConfigurationItemBaseClass" TYPE="uint32"><QUALIFIER NAME="CIMTYPE" PROPAGATED="true" TYPE="string" TOINSTANCE="true"><VALUE>uint32</VALUE></QUALIFIER><VALUE>2</VALUE></PROPERTY><PROPERTY NAME="EULAExists" CLASSORIGIN="SMS_ConfigurationItemBaseClass" TYPE="boolean"><QUALIFIER NAME="CIMTYPE" PROPAGATED="true" TYPE="string" TOINSTANCE="true"><VALUE>boolean</VALUE></QUALIFIER><VALUE>FALSE</VALUE></PROPERTY><PROPERTY NAME="EULASignoffDate" CLASSORIGIN="SMS_ConfigurationItemBaseClass" TYPE="datetime"><QUALIFIER NAME="CIMTYPE" PROPAGATED="true" TYPE="string" TOINSTANCE="true"><VALUE>datetime</VALUE></QUALIFIER><VALUE>19691231190000.000000+***</VALUE></PROPERTY><PROPERTY NAME="EULASignoffUser" CLASSORIGIN="SMS_ConfigurationItemBaseClass" TYPE="string"><QUALIFIER NAME="CIMTYPE" PROPAGATED="true" TYPE="string" TOINSTANCE="true"><VALUE>string</VALUE></QUALIFIER><VALUE></VALUE></PROPERTY><PROPERTY NAME="ExecutionContext" CLASSORIGIN="SMS_ConfigurationItemBaseClass" TYPE="uint32"><QUALIFIER NAME="CIMTYPE" PROPAGATED="true" TYPE="string" TOINSTANCE="true"><VALUE>uint32</VALUE></QUALIFIER><VALUE>0</VALUE></PROPERTY><PROPERTY NAME="Featured" CLASSORIGIN="SMS_Application" TYPE="uint32"><QUALIFIER NAME="CIMTYPE" PROPAGATED="true" TYPE="string" TOINSTANCE="true"><VALUE>uint32</VALUE></QUALIFIER><VALUE>0</VALUE></PROPERTY><PROPERTY NAME="HasContent" CLASSORIGIN="SMS_Application" TYPE="boolean"><QUALIFIER NAME="CIMTYPE" PROPAGATED="true" TYPE="string" TOINSTANCE="true"><VALUE>boolean</VALUE></QUALIFIER><VALUE>TRUE</VALUE></PROPERTY><PROPERTY NAME="IsBundle" CLASSORIGIN="SMS_ConfigurationItemBaseClass" TYPE="boolean"><QUALIFIER NAME="CIMTYPE" PROPAGATED="true" TYPE="string" TOINSTANCE="true"><VALUE>boolean</VALUE></QUALIFIER><VALUE>FALSE</VALUE></PROPERTY><PROPERTY NAME="IsDeployable" CLASSORIGIN="SMS_Application" TYPE="boolean"><QUALIFIER NAME="CIMTYPE" PROPAGATED="true" TYPE="string" TOINSTANCE="true"><VALUE>boolean</VALUE></QUALIFIER><VALUE>TRUE</VALUE></PROPERTY><PROPERTY NAME="IsDeployed" CLASSORIGIN="SMS_Application" TYPE="boolean"><QUALIFIER NAME="CIMTYPE" PROPAGATED="true" TYPE="string" TOINSTANCE="true"><VALUE>boolean</VALUE></QUALIFIER><VALUE>FALSE</VALUE></PROPERTY><PROPERTY NAME="IsDigest" CLASSORIGIN="SMS_ConfigurationItemBaseClass" TYPE="boolean"><QUALIFIER NAME="CIMTYPE" PROPAGATED="true" TYPE="string" TOINSTANCE="true"><VALUE>boolean</VALUE></QUALIFIER><VALUE>TRUE</VALUE></PROPERTY><PROPERTY NAME="IsEnabled" CLASSORIGIN="SMS_ConfigurationItemBaseClass" TYPE="boolean"><QUALIFIER NAME="CIMTYPE" PROPAGATED="true" TYPE="string" TOINSTANCE="true"><VALUE>boolean</VALUE></QUALIFIER><VALUE>TRUE</VALUE></PROPERTY><PROPERTY NAME="IsExpired" CLASSORIGIN="SMS_ConfigurationItemBaseClass" TYPE="boolean"><QUALIFIER NAME="CIMTYPE" PROPAGATED="true" TYPE="string" TOINSTANCE="true"><VALUE>boolean</VALUE></QUALIFIER><VALUE>FALSE</VALUE></PROPERTY><PROPERTY NAME="IsHidden" CLASSORIGIN="SMS_ConfigurationItemBaseClass" TYPE="boolean"><QUALIFIER NAME="CIMTYPE" PROPAGATED="true" TYPE="string" TOINSTANCE="true"><VALUE>boolean</VALUE></QUALIFIER><VALUE>FALSE</VALUE></PROPERTY><PROPERTY NAME="IsLatest" CLASSORIGIN="SMS_ConfigurationItemBaseClass" TYPE="boolean"><QUALIFIER NAME="CIMTYPE" PROPAGATED="true" TYPE="string" TOINSTANCE="true"><VALUE>boolean</VALUE></QUALIFIER><VALUE>TRUE</VALUE></PROPERTY><PROPERTY NAME="IsQuarantined" CLASSORIGIN="SMS_ConfigurationItemBaseClass" TYPE="boolean"><QUALIFIER NAME="CIMTYPE" PROPAGATED="true" TYPE="string" TOINSTANCE="true"><VALUE>boolean</VALUE></QUALIFIER><VALUE>FALSE</VALUE></PROPERTY><PROPERTY NAME="IsSuperseded" CLASSORIGIN="SMS_ConfigurationItemBaseClass" TYPE="boolean"><QUALIFIER NAME="CIMTYPE" PROPAGATED="true" TYPE="string" TOINSTANCE="true"><VALUE>boolean</VALUE></QUALIFIER><VALUE>FALSE</VALUE></PROPERTY><PROPERTY NAME="IsSuperseding" CLASSORIGIN="SMS_Application" TYPE="boolean"><QUALIFIER NAME="CIMTYPE" PROPAGATED="true" TYPE="string" TOINSTANCE="true"><VALUE>boolean</VALUE></QUALIFIER><VALUE>FALSE</VALUE></PROPERTY><PROPERTY NAME="IsUserDefined" CLASSORIGIN="SMS_ConfigurationItemBaseClass" TYPE="boolean"><QUALIFIER NAME="CIMTYPE" PROPAGATED="true" TYPE="string" TOINSTANCE="true"><VALUE>boolean</VALUE></QUALIFIER><VALUE>TRUE</VALUE></PROPERTY><PROPERTY NAME="IsVersionCompatible" CLASSORIGIN="SMS_ConfigurationItemBaseClass" TYPE="boolean"><QUALIFIER NAME="CIMTYPE" PROPAGATED="true" TYPE="string" TOINSTANCE="true"><VALUE>boolean</VALUE></QUALIFIER></PROPERTY><PROPERTY NAME="LastModifiedBy" CLASSORIGIN="SMS_ConfigurationItemBaseClass" TYPE="string"><QUALIFIER NAME="CIMTYPE" PROPAGATED="true" TYPE="string" TOINSTANCE="true"><VALUE>string</VALUE></QUALIFIER><VALUE>OD\administrator</VALUE></PROPERTY><PROPERTY.ARRAY NAME="LocalizedCategoryInstanceNames" CLASSORIGIN="SMS_ConfigurationItemBaseClass" TYPE="string"><QUALIFIER NAME="CIMTYPE" PROPAGATED="true" TYPE="string" TOINSTANCE="true"><VALUE>string</VALUE></QUALIFIER><VALUE.ARRAY></VALUE.ARRAY></PROPERTY.ARRAY><PROPERTY NAME="LocalizedDescription" CLASSORIGIN="SMS_ConfigurationItemBaseClass" TYPE="string"><QUALIFIER NAME="CIMTYPE" PROPAGATED="true" TYPE="string" TOINSTANCE="true"><VALUE>string</VALUE></QUALIFIER><VALUE></VALUE></PROPERTY><PROPERTY NAME="LocalizedDisplayName" CLASSORIGIN="SMS_ConfigurationItemBaseClass" TYPE="string"><QUALIFIER NAME="CIMTYPE" PROPAGATED="true" TYPE="string" TOINSTANCE="true"><VALUE>string</VALUE></QUALIFIER><VALUE>OneDrive For Business</VALUE></PROPERTY><PROPERTY NAME="LocalizedInformativeURL" CLASSORIGIN="SMS_ConfigurationItemBaseClass" TYPE="string"><QUALIFIER NAME="CIMTYPE" PROPAGATED="true" TYPE="string" TOINSTANCE="true"><VALUE>string</VALUE></QUALIFIER><VALUE></VALUE></PROPERTY><PROPERTY NAME="LocalizedPropertyLocaleID" CLASSORIGIN="SMS_ConfigurationItemBaseClass" TYPE="uint32"><QUALIFIER NAME="CIMTYPE" PROPAGATED="true" TYPE="string" TOINSTANCE="true"><VALUE>uint32</VALUE></QUALIFIER><VALUE>65535</VALUE></PROPERTY><PROPERTY NAME="LogonRequirement" CLASSORIGIN="SMS_Application" TYPE="uint32"><QUALIFIER NAME="CIMTYPE" PROPAGATED="true" TYPE="string" TOINSTANCE="true"><VALUE>uint32</VALUE></QUALIFIER><VALUE>1</VALUE></PROPERTY><PROPERTY NAME="Manufacturer" CLASSORIGIN="SMS_Application" TYPE="string"><QUALIFIER NAME="CIMTYPE" PROPAGATED="true" TYPE="string" TOINSTANCE="true"><VALUE>string</VALUE></QUALIFIER><VALUE></VALUE></PROPERTY><PROPERTY NAME="ModelID" CLASSORIGIN="SMS_ConfigurationItemBaseClass" TYPE="uint32"><QUALIFIER NAME="CIMTYPE" PROPAGATED="true" TYPE="string" TOINSTANCE="true"><VALUE>uint32</VALUE></QUALIFIER><VALUE>16777464</VALUE></PROPERTY><PROPERTY NAME="ModelName" CLASSORIGIN="SMS_ConfigurationItemBaseClass" TYPE="string"><QUALIFIER NAME="CIMTYPE" PROPAGATED="true" TYPE="string" TOINSTANCE="true"><VALUE>string</VALUE></QUALIFIER><VALUE>ScopeId_8F1F1C96-101C-419F-B1CE-17A69D07C770/Application_4039e10f-2cd6-48a0-9290-9af682361c1e</VALUE></PROPERTY><PROPERTY NAME="NumberOfDependentDTs" CLASSORIGIN="SMS_Application" TYPE="uint32"><QUALIFIER NAME="CIMTYPE" PROPAGATED="true" TYPE="string" TOINSTANCE="true"><VALUE>uint32</VALUE></QUALIFIER><VALUE>0</VALUE></PROPERTY><PROPERTY NAME="NumberOfDependentTS" CLASSORIGIN="SMS_Application" TYPE="uint32"><QUALIFIER NAME="CIMTYPE" PROPAGATED="true" TYPE="string" TOINSTANCE="true"><VALUE>uint32</VALUE></QUALIFIER><VALUE>0</VALUE></PROPERTY><PROPERTY NAME="NumberOfDeployments" CLASSORIGIN="SMS_Application" TYPE="uint32"><QUALIFIER NAME="CIMTYPE" PROPAGATED="true" TYPE="string" TOINSTANCE="true"><VALUE>uint32</VALUE></QUALIFIER><VALUE>0</VALUE></PROPERTY><PROPERTY NAME="NumberOfDeploymentTypes" CLASSORIGIN="SMS_Application" TYPE="uint32"><QUALIFIER NAME="CIMTYPE" PROPAGATED="true" TYPE="string" TOINSTANCE="true"><VALUE>uint32</VALUE></QUALIFIER><VALUE>1</VALUE></PROPERTY><PROPERTY NAME="NumberOfDevicesWithApp" CLASSORIGIN="SMS_Application" TYPE="uint32"><QUALIFIER NAME="CIMTYPE" PROPAGATED="true" TYPE="string" TOINSTANCE="true"><VALUE>uint32</VALUE></QUALIFIER><VALUE>0</VALUE></PROPERTY><PROPERTY NAME="NumberOfDevicesWithFailure" CLASSORIGIN="SMS_Application" TYPE="uint32"><QUALIFIER NAME="CIMTYPE" PROPAGATED="true" TYPE="string" TOINSTANCE="true"><VALUE>uint32</VALUE></QUALIFIER><VALUE>0</VALUE></PROPERTY><PROPERTY NAME="NumberOfSettings" CLASSORIGIN="SMS_Application" TYPE="uint32"><QUALIFIER NAME="CIMTYPE" PROPAGATED="true" TYPE="string" TOINSTANCE="true"><VALUE>uint32</VALUE></QUALIFIER><VALUE>0</VALUE></PROPERTY><PROPERTY NAME="NumberOfUsersWithApp" CLASSORIGIN="SMS_Application" TYPE="uint32"><QUALIFIER NAME="CIMTYPE" PROPAGATED="true" TYPE="string" TOINSTANCE="true"><VALUE>uint32</VALUE></QUALIFIER><VALUE>0</VALUE></PROPERTY><PROPERTY NAME="NumberOfUsersWithFailure" CLASSORIGIN="SMS_Application" TYPE="uint32"><QUALIFIER NAME="CIMTYPE" PROPAGATED="true" TYPE="string" TOINSTANCE="true"><VALUE>uint32</VALUE></QUALIFIER><VALUE>0</VALUE></PROPERTY><PROPERTY NAME="NumberOfUsersWithRequest" CLASSORIGIN="SMS_Application" TYPE="uint32"><QUALIFIER NAME="CIMTYPE" PROPAGATED="true" TYPE="string" TOINSTANCE="true"><VALUE>uint32</VALUE></QUALIFIER><VALUE>0</VALUE></PROPERTY><PROPERTY NAME="NumberOfVirtualEnvironments" CLASSORIGIN="SMS_Application" TYPE="uint32"><QUALIFIER NAME="CIMTYPE" PROPAGATED="true" TYPE="string" TOINSTANCE="true"><VALUE>uint32</VALUE></QUALIFIER><VALUE>0</VALUE></PROPERTY><PROPERTY NAME="PackageID" CLASSORIGIN="SMS_Application" TYPE="string"><QUALIFIER NAME="CIMTYPE" PROPAGATED="true" TYPE="string" TOINSTANCE="true"><VALUE>string</VALUE></QUALIFIER><VALUE>ODB0000D</VALUE></PROPERTY><PROPERTY NAME="PermittedUses" CLASSORIGIN="SMS_ConfigurationItemBaseClass" TYPE="uint32"><QUALIFIER NAME="CIMTYPE" PROPAGATED="true" TYPE="string" TOINSTANCE="true"><VALUE>uint32</VALUE></QUALIFIER><VALUE>0</VALUE></PROPERTY><PROPERTY.ARRAY NAME="PlatformCategoryInstance_UniqueIDs" CLASSORIGIN="SMS_ConfigurationItemBaseClass" TYPE="string"><QUALIFIER NAME="CIMTYPE" PROPAGATED="true" TYPE="string" TOINSTANCE="true"><VALUE>string</VALUE></QUALIFIER><VALUE.ARRAY></VALUE.ARRAY></PROPERTY.ARRAY><PROPERTY NAME="PlatformType" CLASSORIGIN="SMS_ConfigurationItemBaseClass" TYPE="uint32"><QUALIFIER NAME="CIMTYPE" PROPAGATED="true" TYPE="string" TOINSTANCE="true"><VALUE>uint32</VALUE></QUALIFIER><VALUE>1</VALUE></PROPERTY><PROPERTY.OBJECTARRAY NAME="SDMPackageLocalizedData" CLASSORIGIN="SMS_ConfigurationItemBaseClass" PROPAGATED="true" REFERENCECLASS="SMS_SDMPackageLocalizedData"><QUALIFIER NAME="CIMTYPE" PROPAGATED="true" TYPE="string" TOINSTANCE="true"><VALUE>object:SMS_SDMPackageLocalizedData</VALUE></QUALIFIER></PROPERTY.OBJECTARRAY><PROPERTY NAME="SDMPackageVersion" CLASSORIGIN="SMS_ConfigurationItemBaseClass" TYPE="uint32"><QUALIFIER NAME="CIMTYPE" PROPAGATED="true" TYPE="string" TOINSTANCE="true"><VALUE>uint32</VALUE></QUALIFIER><VALUE>2</VALUE></PROPERTY><PROPERTY NAME="SDMPackageXML" CLASSORIGIN="SMS_ConfigurationItemBaseClass" TYPE="string"><QUALIFIER NAME="CIMTYPE" PROPAGATED="true" TYPE="string" TOINSTANCE="true"><VALUE>string</VALUE></QUALIFIER><VALUE><![CDATA[<?xml version="1.0" encoding="utf-16"?><AppMgmtDigest xmlns="http://schemas.microsoft.com/SystemCenterConfigurationManager/2009/AppMgmtDigest" xmlns:xsi="http://www.w3.org/2001/XMLSchema-instance"><Application AuthoringScopeId="ScopeId_8F1F1C96-101C-419F-B1CE-17A69D07C770" LogicalName="Application_4039e10f-2cd6-48a0-9290-9af682361c1e" Version="2"><SourceId AuthoringScopeId="ScopeId_8F1F1C96-101C-419F-B1CE-17A69D07C770" LogicalName="Application_4c84266f-1662-48d1-9e30-44bbc65ff71a"/><DisplayInfo DefaultLanguage="en-US"><Info Language="en-US"><Title>OneDrive For Business</Title></Info></DisplayInfo><DeploymentTypes><DeploymentType AuthoringScopeId="ScopeId_8F1F1C96-101C-419F-B1CE-17A69D07C770" LogicalName="DeploymentType_b2cfe7be-8bb9-440d-b723-080375cfea08" Version="2"/></DeploymentTypes><Title ResourceId="Res_803490085">OneDrive For Business</Title><Owners><User Qualifier="LogonName" Id="administrator"/></Owners><Contacts><User Qualifier="LogonName" Id="administrator"/></Contacts></Application><DeploymentType AuthoringScopeId="ScopeId_8F1F1C96-101C-419F-B1CE-17A69D07C770" LogicalName="DeploymentType_b2cfe7be-8bb9-440d-b723-080375cfea08" Version="2"><SourceId AuthoringScopeId="ScopeId_8F1F1C96-101C-419F-B1CE-17A69D07C770" LogicalName="DeploymentType_ca81700a-dad1-4bb6-acda-1e4e037ef6aa"/><Title ResourceId="Res_56428218">OneDrive For Business Default Deployement Type</Title><Description ResourceId="Res_1173145187"/><DeploymentTechnology>GLOBAL/ScriptDeploymentTechnology</DeploymentTechnology><Technology>Script</Technology><Hosting>Native</Hosting><Installer Technology="Script"><ExecutionContext>System</ExecutionContext><RequiresLogOn>true</RequiresLogOn><Contents><Content ContentId="Content_9757be6c-4d28-43e3-a2d6-c7a78fffdd2e" Version="1"><File Name="OneDriveSetup.exe" Size="8892608"/><Location>\\sccm-onedrive\c$\Users\administrator.OD\Downloads\SCCM OD Export\OneDrive_files\Content_ecfc9943-6673-49c3-9567-97d3e0abdd3e\</Location><PeerCache>true</PeerCache><OnFastNetwork>Download</OnFastNetwork><OnSlowNetwork>DoNothing</OnSlowNetwork></Content></Contents><DetectAction><Provider>Script</Provider><Args><Arg Name="ExecutionContext" Type="String">System</Arg><Arg Name="ScriptType" Type="Int32">0</Arg><Arg Name="ScriptBody" Type="String">[String]$LogfileName = "OneDriveDetection"
[String]$Logfile = "$env:SystemRoot\logs\$LogfileName.log"
Function Write-Log
{
	Param ([string]$logstring)
	If (Test-Path $Logfile)
	{
		If ((Get-Item $Logfile).Length -gt 2MB)
		{
			Rename-Item $Logfile $Logfile".bak" -Force
		}
	}
	$WriteLine = (Get-Date).ToString() + " " + $logstring
	Add-content $Logfile -value $WriteLine
}

$User = gwmi win32_computersystem -Property Username
$UserName = $User.UserName
$UserSplit = $User.UserName.Split("\")
$OneDrive = "$env:SystemDrive\users\" + $UserSplit[1] +"\appdata\local\microsoft\onedrive\onedrive.exe"
# Parameter to Log
Write-Log "Start Script Execution"
Write-Log "Logged on User: $UserName"
Write-Log "Detection-String: $OneDrive"
If(Test-Path $OneDrive)
{
	Write-Log "Found DetectionFile"
	$OneDriveFile = Get-Item $OneDrive
	Write-Log "Get File Details"
	Write-Log "Version found:$OneDriveFile.VersionInfo.FileVersion"
	Write-Log "Script Exectuion End!"
	Write-Log ""
	Return $true
}
Else
{
	Write-Log "Warning: OneDrive.exe not found – need to install App!"
}</Arg><Arg Name="RunAs32Bit" Type="Boolean">false</Arg></Args></DetectAction><InstallAction><Provider>Script</Provider><Args><Arg Name="InstallCommandLine" Type="String">"OneDriveSetup.exe" /silent</Arg><Arg Name="WorkingDirectory" Type="String"/><Arg Name="ExecutionContext" Type="String">System</Arg><Arg Name="RequiresLogOn" Type="String">True</Arg><Arg Name="RequiresElevatedRights" Type="Boolean">false</Arg><Arg Name="RequiresUserInteraction" Type="Boolean">true</Arg><Arg Name="RequiresReboot" Type="Boolean">false</Arg><Arg Name="UserInteractionMode" Type="String">Normal</Arg><Arg Name="PostInstallBehavior" Type="String">BasedOnExitCode</Arg><Arg Name="ExecuteTime" Type="Int32">0</Arg><Arg Name="MaxExecuteTime" Type="Int32">15</Arg><Arg Name="RunAs32Bit" Type="Boolean">false</Arg><Arg Name="SuccessExitCodes" Type="Int32[]"><Item>0</Item><Item>1707</Item></Arg><Arg Name="RebootExitCodes" Type="Int32[]"><Item>3010</Item></Arg><Arg Name="HardRebootExitCodes" Type="Int32[]"><Item>1641</Item></Arg><Arg Name="FastRetryExitCodes" Type="Int32[]"><Item>1618</Item></Arg></Args><Contents><Content ContentId="Content_9757be6c-4d28-43e3-a2d6-c7a78fffdd2e" Version="1"/></Contents></InstallAction><UninstallAction><Provider>Script</Provider><Args><Arg Name="InstallCommandLine" Type="String">"OneDriveSetup.exe" /uninstall</Arg><Arg Name="WorkingDirectory" Type="String"/><Arg Name="ExecutionContext" Type="String">System</Arg><Arg Name="RequiresLogOn" Type="String">True</Arg><Arg Name="RequiresElevatedRights" Type="Boolean">false</Arg><Arg Name="RequiresUserInteraction" Type="Boolean">true</Arg><Arg Name="RequiresReboot" Type="Boolean">false</Arg><Arg Name="UserInteractionMode" Type="String">Normal</Arg><Arg Name="PostInstallBehavior" Type="String">BasedOnExitCode</Arg><Arg Name="ExecuteTime" Type="Int32">0</Arg><Arg Name="MaxExecuteTime" Type="Int32">15</Arg><Arg Name="RunAs32Bit" Type="Boolean">false</Arg><Arg Name="SuccessExitCodes" Type="Int32[]"><Item>0</Item><Item>1707</Item></Arg><Arg Name="RebootExitCodes" Type="Int32[]"><Item>3010</Item></Arg><Arg Name="HardRebootExitCodes" Type="Int32[]"><Item>1641</Item></Arg><Arg Name="FastRetryExitCodes" Type="Int32[]"><Item>1618</Item></Arg></Args><Contents><Content ContentId="Content_9757be6c-4d28-43e3-a2d6-c7a78fffdd2e" Version="1"/></Contents></UninstallAction><CustomData><DetectionMethod>Script</DetectionMethod><EnhancedDetectionMethod><Settings xmlns="http://schemas.microsoft.com/SystemCenterConfigurationManager/2009/AppMgmtDigest"><SimpleSetting xmlns="http://schemas.microsoft.com/SystemsCenterConfigurationManager/2009/07/10/DesiredConfiguration" LogicalName="RegSetting_63e07404-0693-4242-97d5-0df15fd496c7" DataType="String"><Annotation xmlns="http://schemas.microsoft.com/SystemsCenterConfigurationManager/2009/06/14/Rules"><DisplayName Text=""/><Description Text=""/></Annotation><RegistryDiscoverySource Hive="HKEY_CURRENT_USER" Depth="Base" Is64Bit="true" CreateMissingPath="true" IsPerUser="true"><Key>Software\Microsoft\OneDrive</Key><ValueName/></RegistryDiscoverySource></SimpleSetting></Settings><Rule xmlns="http://schemas.microsoft.com/SystemsCenterConfigurationManager/2009/06/14/Rules" id="ScopeId_8F1F1C96-101C-419F-B1CE-17A69D07C770/DeploymentType_9dacc143-497b-4c57-a9a6-e4062bd84157" Severity="Informational" NonCompliantWhenSettingIsNotFound="false"><Annotation><DisplayName Text=""/><Description Text=""/></Annotation><Expression><Operator>Equals</Operator><Operands><SettingReference AuthoringScopeId="ScopeId_8F1F1C96-101C-419F-B1CE-17A69D07C770" LogicalName="Application_4c84266f-1662-48d1-9e30-44bbc65ff71a" Version="1" DataType="Boolean" SettingLogicalName="RegSetting_63e07404-0693-4242-97d5-0df15fd496c7" SettingSourceType="Registry" Method="Value" PropertyPath="RegistryValueExists" Changeable="false"/><ConstantValue Value="true" DataType="Boolean"/></Operands></Expression></Rule></EnhancedDetectionMethod><DetectionScript Language="PowerShell">[String]$LogfileName = "OneDriveDetection"
[String]$Logfile = "$env:SystemRoot\logs\$LogfileName.log"
Function Write-Log
{
	Param ([string]$logstring)
	If (Test-Path $Logfile)
	{
		If ((Get-Item $Logfile).Length -gt 2MB)
		{
			Rename-Item $Logfile $Logfile".bak" -Force
		}
	}
	$WriteLine = (Get-Date).ToString() + " " + $logstring
	Add-content $Logfile -value $WriteLine
}

$User = gwmi win32_computersystem -Property Username
$UserName = $User.UserName
$UserSplit = $User.UserName.Split("\")
$OneDrive = "$env:SystemDrive\users\" + $UserSplit[1] +"\appdata\local\microsoft\onedrive\onedrive.exe"
# Parameter to Log
Write-Log "Start Script Execution"
Write-Log "Logged on User: $UserName"
Write-Log "Detection-String: $OneDrive"
If(Test-Path $OneDrive)
{
	Write-Log "Found DetectionFile"
	$OneDriveFile = Get-Item $OneDrive
	Write-Log "Get File Details"
	Write-Log "Version found:$OneDriveFile.VersionInfo.FileVersion"
	Write-Log "Script Exectuion End!"
	Write-Log ""
	Return $true
}
Else
{
	Write-Log "Warning: OneDrive.exe not found – need to install App!"
}</DetectionScript><InstallCommandLine>"OneDriveSetup.exe" /silent</InstallCommandLine><InstallContent ContentId="Content_9757be6c-4d28-43e3-a2d6-c7a78fffdd2e" Version="1"/><UninstallCommandLine>"OneDriveSetup.exe" /uninstall</UninstallCommandLine><RequiresUserInteraction>true</RequiresUserInteraction><MaxExecuteTime>15</MaxExecuteTime><ExitCodes><ExitCode Code="0" Class="Success"/><ExitCode Code="1707" Class="Success"/><ExitCode Code="3010" Class="SoftReboot"/><ExitCode Code="1641" Class="HardReboot"/><ExitCode Code="1618" Class="FastRetry"/></ExitCodes><AllowUninstall>true</AllowUninstall></CustomData></Installer></DeploymentType></AppMgmtDigest>]]></VALUE></PROPERTY><PROPERTY.ARRAY NAME="SecuredScopeNames" CLASSORIGIN="SMS_ConfigurationItemBaseClass" TYPE="string"><QUALIFIER NAME="CIMTYPE" PROPAGATED="true" TYPE="string" TOINSTANCE="true"><VALUE>string</VALUE></QUALIFIER><VALUE.ARRAY><VALUE>Default</VALUE></VALUE.ARRAY></PROPERTY.ARRAY><PROPERTY NAME="SedoObjectVersion" CLASSORIGIN="SMS_ConfigurationItemBaseClass" TYPE="string"><QUALIFIER NAME="CIMTYPE" PROPAGATED="true" TYPE="string" TOINSTANCE="true"><VALUE>string</VALUE></QUALIFIER><VALUE>7980BE29-FFEC-4FF2-A444-6C61262642AE</VALUE></PROPERTY><PROPERTY NAME="SoftwareVersion" CLASSORIGIN="SMS_Application" TYPE="string"><QUALIFIER NAME="CIMTYPE" PROPAGATED="true" TYPE="string" TOINSTANCE="true"><VALUE>string</VALUE></QUALIFIER><VALUE></VALUE></PROPERTY><PROPERTY NAME="SourceCIVersion" CLASSORIGIN="SMS_Application" TYPE="uint32"><QUALIFIER NAME="CIMTYPE" PROPAGATED="true" TYPE="string" TOINSTANCE="true"><VALUE>uint32</VALUE></QUALIFIER><VALUE>0</VALUE></PROPERTY><PROPERTY NAME="SourceModelName" CLASSORIGIN="SMS_Application" TYPE="string"><QUALIFIER NAME="CIMTYPE" PROPAGATED="true" TYPE="string" TOINSTANCE="true"><VALUE>string</VALUE></QUALIFIER><VALUE>ScopeId_8F1F1C96-101C-419F-B1CE-17A69D07C770/Application_4c84266f-1662-48d1-9e30-44bbc65ff71a</VALUE></PROPERTY><PROPERTY NAME="SourceSite" CLASSORIGIN="SMS_ConfigurationItemBaseClass" TYPE="string"><QUALIFIER NAME="CIMTYPE" PROPAGATED="true" TYPE="string" TOINSTANCE="true"><VALUE>string</VALUE></QUALIFIER><VALUE>ODB</VALUE></PROPERTY><PROPERTY NAME="SummarizationTime" CLASSORIGIN="SMS_Application" TYPE="datetime"><QUALIFIER NAME="CIMTYPE" PROPAGATED="true" TYPE="string" TOINSTANCE="true"><VALUE>datetime</VALUE></QUALIFIER><VALUE>20190308055529.000000+000</VALUE></PROPERTY></INSTANCE>