<LibraryDocument xmlns:xsi="http://www.w3.org/2001/XMLSchema-instance" xmlns:xsd="http://www.w3.org/2001/XMLSchema"><Properties><Property Name="HasTemporaryContent" Value="True" /></Properties><Contents><Content UniqueId="843e0edb-9c5d-41c6-b983-39a3fecada37" Hash="" Description="Content_9757be6c-4d28-43e3-a2d6-c7a78fffdd2e" RelativePath="Content_9757be6c-4d28-43e3-a2d6-c7a78fffdd2e" FullPath=".\\Fix_files\Content_9757be6c-4d28-43e3-a2d6-c7a78fffdd2e\" SingleFile="false" StorageType="FileSystem" FullOwnership="true" OriginalPath="\\sccm-onedrive\c$\Users\administrator.OD\Downloads\SCCM OD Export\OneDrive_files\Content_ecfc9943-6673-49c3-9567-97d3e0abdd3e\" OriginalStorage="FileSystem" /></Contents><EntryObjects><Object Path="SMS_Application.ModelName='ScopeId_8F1F1C96-101C-419F-B1CE-17A69D07C770/Application_4039e10f-2cd6-48a0-9290-9af682361c1e',CIVersion=2" Type="SMS_Application" /></EntryObjects></LibraryDocument>